{"cameraMode":{"drawMode":0,"name":"Shaded","section":"Shading Mode"},"sceneLighting":true,"audioPlay":false,"sceneViewState":{"m_AlwaysRefresh":false,"showFog":true,"showSkybox":true,"showFlares":true,"showImageEffects":true,"showParticleSystems":true,"showVisualEffectGraphs":true,"m_FxEnabled":true},"in2DMode":false,"pivot":{"x":2.6381876468658449,"y":10.030823707580567,"z":-0.07551096379756928},"rotation":{"x":0.26318931579589846,"y":0.6439336538314819,"z":-0.2519082725048065,"w":0.6727721691131592},"size":9.224381446838379,"orthographic":false}