{"cameraMode":{"drawMode":0,"name":"Shaded","section":"Shading Mode"},"sceneLighting":true,"audioPlay":false,"sceneViewState":{"m_AlwaysRefresh":false,"showFog":true,"showSkybox":true,"showFlares":true,"showImageEffects":true,"showParticleSystems":true,"showVisualEffectGraphs":true,"m_FxEnabled":true},"in2DMode":false,"pivot":{"x":31.484943389892579,"y":-18.392505645751954,"z":-15.949180603027344},"rotation":{"x":-0.1803707480430603,"y":-0.7398008108139038,"z":0.21866963803768159,"w":-0.6102145314216614},"size":21.198261260986329,"orthographic":false}