{"cameraMode":{"drawMode":0,"name":"Shaded","section":"Shading Mode"},"sceneLighting":false,"audioPlay":false,"sceneViewState":{"m_AlwaysRefresh":false,"showFog":true,"showSkybox":false,"showFlares":true,"showImageEffects":true,"showParticleSystems":true,"showVisualEffectGraphs":true,"m_FxEnabled":true},"in2DMode":false,"pivot":{"x":-0.6337761878967285,"y":7.481424331665039,"z":15.076931953430176},"rotation":{"x":0.292074054479599,"y":-0.005738480016589165,"z":0.0017511312616989017,"w":0.9563813209533691},"size":0.787296712398529,"orthographic":false}